Gender Group,Mean,Median,Min,Max,N
Female,30.544875776397514,30.25,18.7,44.9,644
Male,30.4472049689441,30.5,17.6,41.6,644
